<!DOCTYPE hibernate-configuration PUBLIC
    "-//Hibernate/Hibernate Configuration DTD 3.0//EN"
    "http://www.hibernate.org/dtd/hibernate-configuration-3.0.dtd">
<hibernate-configuration>
    <session-factory>
        <property name="hibernate.dialect">org.hibernate.dialect.MySQLDialect</property>
        <property name="hibernate.connection.driver_class">com.mysql.cj.jdbc.Driver</property>
        <property name="hibernate.connection.url">jdbc:mysql://localhost:3306/yourdatabase</property>
        <property name="hibernate.connection.username">username</property>
        <property name="hibernate.connection.password">password</property>
        <property name="show_sql">true</property>
        <property name="format_sql">true</property>
        <property name="use_sql_comments">true</property>
        <property name="hibernate.hbm2ddl.auto">update</property>
    </session-factory>
</hibernate-configuration>
