<?xml version="1.0" encoding="UTF-8"?>
<Configuration>
    <Appenders>
        <Console name="Console" target="SYSTEM_OUT">
            <PatternLayout pattern="%d{yyyy-MM-dd HH:mm:ss} %-5p %c{1}:%L - %msg%n"/>
        </Console>
    </Appenders>
    <Loggers>
        <Logger name="org.hibernate.SQL" level="debug" additivity="false">
            <AppenderRef ref="Console"/>
        </Logger>
        <Logger name="org.hibernate.type.descriptor.sql.BasicBinder" level="trace" additivity="false">
            <AppenderRef ref="Console"/>
        </Logger>
        <Root level="info">
            <AppenderRef ref="Console"/>
        </Root>
    </Loggers>
</Configuration>
